정답,분류코드,힌트1,힌트2,힌트3
방핑,자모,나,너,우리
감테,자모,장르,이 장르 불호하는 사람이 많음,'감성테마'줄임말
공테,자모,장르,이 장르 선호하는 사람이 많음,'공포테마'줄임말
꽃길,자모,용어,잘뽑힌 테마,'흙길' 반대말
노쇼,자모,행동,빌런,강퇴사유
연방,자모,행동,방탈러의 체력 테스트,하루에 몇 개 가능?
창공,자모,용어,없는것도 만들어내는 혼자만의 싸움,'창조공포' 줄임말
혼방,자모,용어,친구 없어 ?,'혼자하는 방탈출'의 줄임말
흙길,자모,용어,"아프고, 낡고, 퀄리티 무슨 일..",'꽃길' 반대말
야방,자모,장르,'방'탈출 이라고 불러도 되나,'야외방탈출' 줄임말
꾸금,자모,장르,애들은 가라!,'19금 테마'를 이르는 말
연출,자모,용어,"피할 수 없으면 즐겨라, 다 돈이다","직원OO, 배우OO, OO 빡세게 말아줌"
분리,자모,용어,각개전투,"1:1, 2:1, 2:2 …"
돌따,자모,행동,손끝에 느껴지는 쾌감,자물쇠 '돌려따기' 줄임말
힌트폰,자모,사랑해,내 매니저,너도 돈내라
방린이,자모,용어,기준이 어디까지에요 ?,우리 모두 이런 시절이 있었지..
노힌트,자모,용어,개천재,힌트따위 안씁니다
입졸,자모,용어,도장깨기,매장 '입학'과 동시에 '졸업'을..
,,,,
,,,,
,,,,
,,,,
,,,,
,,,,
,,,,
,,,,
,,,,
,,,,
,,,,
,,,,
,,,,
,,,,
,,,,
,,,,
,,,,
,,,,
,,,,
,,,,
,,,,
,,,,
,,,,
,,,,
,,,,
,,,,
,,,,
,,,,
,,,,
,,,,
,,,,
,,,,
,,,,
,,,,
,,,,
,,,,
,,,,
,,,,
,,,,
,,,,
,,,,
,,,,
,,,,
,,,,
,,,,
,,,,
,,,,
,,,,
,,,,
,,,,
,,,,
,,,,
,,,,
,,,,
,,,,
,,,,
,,,,
,,,,
,,,,
,,,,
,,,,
,,,,
,,,,
,,,,
,,,,
,,,,
,,,,
,,,,
,,,,
,,,,
,,,,
,,,,
,,,,
,,,,
,,,,
,,,,
,,,,
,,,,
,,,,
,,,,
,,,,
,,,,
,,,,
,,,,
,,,,
,,,,
,,,,
,,,,
,,,,
,,,,
,,,,
,,,,
,,,,
,,,,
,,,,
,,,,
,,,,
,,,,
,,,,
,,,,
,,,,
,,,,
,,,,
,,,,
,,,,
,,,,
,,,,
,,,,
,,,,
,,,,
,,,,
,,,,
,,,,
,,,,
,,,,
,,,,
,,,,
,,,,
,,,,
,,,,
,,,,
,,,,
,,,,
,,,,
,,,,
,,,,
,,,,
,,,,
,,,,
,,,,
,,,,
,,,,
,,,,
,,,,
,,,,
,,,,
,,,,
,,,,
,,,,
,,,,
,,,,
,,,,
,,,,
,,,,
,,,,
,,,,
,,,,
,,,,
,,,,
,,,,
,,,,
,,,,
,,,,
,,,,
,,,,
,,,,
,,,,
,,,,
,,,,
,,,,
,,,,
,,,,
,,,,
,,,,
,,,,
,,,,
,,,,
,,,,
,,,,
,,,,
,,,,
,,,,
,,,,
,,,,
,,,,
,,,,
,,,,
,,,,
,,,,
